consumption,year,minaddress,maxaddress,minweek,maxweek,minweekday,maxweekday,mintime,maxtime,orig_pid,orig_address,orig_year,orig_week,orig_weekday,orig_time,delta,k,beta,tau,mu,l,dp,tkc,norm_il
237.536656891496,2014.0,10557106254.0,10557107834.0,46.0,46.0,1.0,1.0,0.0,0.0,190.0,10557107078.0,2014.0,46.0,1.0,0.0,200,5,200000,0.0,100000,1,False,50
24.7718383311604,2014.0,10557106254.0,10557107834.0,46.0,46.0,1.0,1.0,0.0,0.0,149.0,10557106623.0,2014.0,46.0,1.0,0.0,200,5,200000,0.0,100000,1,False,50
32.8373524884556,2014.0,10557106254.0,10557107834.0,46.0,46.0,1.0,1.0,0.0,0.0,335.0,10557106254.0,2014.0,46.0,1.0,0.0,200,5,200000,0.0,100000,1,False,50
102.628285356696,2014.0,10557106254.0,10557107834.0,46.0,46.0,1.0,1.0,0.0,0.0,72.0,10557107636.0,2014.0,46.0,1.0,0.0,200,5,200000,0.0,100000,1,False,50
19.9146514935989,2014.0,10557106254.0,10557107834.0,46.0,46.0,1.0,1.0,0.0,0.0,2.0,10557107834.0,2014.0,46.0,1.0,0.0,200,5,200000,0.0,100000,1,False,50
69.6167883211679,2014.0,10556106557.0,10556110574.0,46.0,46.0,1.0,1.0,0.0,0.0,256.0,10556110574.0,2014.0,46.0,1.0,0.0,200,5,200000,0.00019725752119207463,100000,1,False,50
143.628620102215,2014.0,10556106557.0,10556110574.0,46.0,46.0,1.0,1.0,0.0,0.0,253.0,10556109233.0,2014.0,46.0,1.0,0.0,200,5,200000,0.00019725752119207463,100000,1,False,50
57.790973871734,2014.0,10556106557.0,10556110574.0,46.0,46.0,1.0,1.0,0.0,0.0,233.0,10556107278.0,2014.0,46.0,1.0,0.0,200,5,200000,0.00019725752119207463,100000,1,False,50
35.381589299764,2014.0,10556106557.0,10556110574.0,46.0,46.0,1.0,1.0,0.0,0.0,185.0,10556106733.0,2014.0,46.0,1.0,0.0,200,5,200000,0.00019725752119207463,100000,1,False,50
51.2214342001576,2014.0,10556106557.0,10556110574.0,46.0,46.0,1.0,1.0,0.0,0.0,66.0,10556106557.0,2014.0,46.0,1.0,0.0,200,5,200000,0.00019725752119207463,100000,1,False,50
248.855633802817,2014.0,10551101523.0,10551103771.0,46.0,46.0,1.0,1.0,0.0,0.0,324.0,10551103771.0,2014.0,46.0,1.0,0.0,200,5,200000,0.0003493830209215322,100000,1,False,50
68.4600577478345,2014.0,10551101523.0,10551103771.0,46.0,46.0,1.0,1.0,0.0,0.0,311.0,10551103245.0,2014.0,46.0,1.0,0.0,200,5,200000,0.0003493830209215322,100000,1,False,50
46.0992907801418,2014.0,10551101523.0,10551103771.0,46.0,46.0,1.0,1.0,0.0,0.0,71.0,10551102840.0,2014.0,46.0,1.0,0.0,200,5,200000,0.0003493830209215322,100000,1,False,50
485.540069686411,2014.0,10551101523.0,10551103771.0,46.0,46.0,1.0,1.0,0.0,0.0,290.0,10551101920.0,2014.0,46.0,1.0,0.0,200,5,200000,0.0003493830209215322,100000,1,False,50
135.711060948081,2014.0,10551101523.0,10551103771.0,46.0,46.0,1.0,1.0,0.0,0.0,292.0,10551101523.0,2014.0,46.0,1.0,0.0,200,5,200000,0.0003493830209215322,100000,1,False,50
45.8071625344353,2014.0,10557102951.0,10557104324.0,46.0,46.0,1.0,1.0,0.0,0.0,237.0,10557102951.0,2014.0,46.0,1.0,0.0,200,5,200000,0.00032647368222612355,100000,1,False,50
63.0026809651475,2014.0,10557102951.0,10557104324.0,46.0,46.0,1.0,1.0,0.0,0.0,118.0,10557103327.0,2014.0,46.0,1.0,0.0,200,5,200000,0.00032647368222612355,100000,1,False,50
359.641025641026,2014.0,10557102951.0,10557104324.0,46.0,46.0,1.0,1.0,0.0,0.0,307.0,10557103333.0,2014.0,46.0,1.0,0.0,200,5,200000,0.00032647368222612355,100000,1,False,50
2243.90243902439,2014.0,10557102951.0,10557104324.0,46.0,46.0,1.0,1.0,0.0,0.0,339.0,10557103658.0,2014.0,46.0,1.0,0.0,200,5,200000,0.00032647368222612355,100000,1,False,50
47.6457399103139,2014.0,10557102951.0,10557104324.0,46.0,46.0,1.0,1.0,0.0,0.0,230.0,10557104324.0,2014.0,46.0,1.0,0.0,200,5,200000,0.00032647368222612355,100000,1,False,50
12810.8108108108,2014.0,10553106780.0,10553109870.0,46.0,46.0,1.0,1.0,0.0,0.0,370.0,10553109870.0,2014.0,46.0,1.0,0.0,200,5,200000,0.0002877088339159089,100000,1,False,50
505.61797752809,2014.0,10553106780.0,10553109870.0,46.0,46.0,1.0,1.0,0.0,0.0,314.0,10553109212.0,2014.0,46.0,1.0,0.0,200,5,200000,0.0002877088339159089,100000,1,False,50
40.4312668463612,2014.0,10553106780.0,10553109870.0,46.0,46.0,1.0,1.0,0.0,0.0,17.0,10553107667.0,2014.0,46.0,1.0,0.0,200,5,200000,0.0002877088339159089,100000,1,False,50
307.593360995851,2014.0,10553106780.0,10553109870.0,46.0,46.0,1.0,1.0,0.0,0.0,246.0,10553107338.0,2014.0,46.0,1.0,0.0,200,5,200000,0.0002877088339159089,100000,1,False,50
39.2334905660377,2014.0,10553106780.0,10553109870.0,46.0,46.0,1.0,1.0,0.0,0.0,170.0,10553106780.0,2014.0,46.0,1.0,0.0,200,5,200000,0.0002877088339159089,100000,1,False,50
102.5,2014.0,10558100717.0,10558104266.0,46.0,46.0,1.0,1.0,0.0,0.0,236.0,10558101067.0,2014.0,46.0,1.0,0.0,200,5,200000,0.00030732222415595634,100000,1,False,50
66.7454223272298,2014.0,10558100717.0,10558104266.0,46.0,46.0,1.0,1.0,0.0,0.0,145.0,10558100717.0,2014.0,46.0,1.0,0.0,200,5,200000,0.00030732222415595634,100000,1,False,50
128.888888888889,2014.0,10558100717.0,10558104266.0,46.0,46.0,1.0,1.0,0.0,0.0,88.0,10558102270.0,2014.0,46.0,1.0,0.0,200,5,200000,0.00030732222415595634,100000,1,False,50
108.179419525066,2014.0,10558100717.0,10558104266.0,46.0,46.0,1.0,1.0,0.0,0.0,87.0,10558102330.0,2014.0,46.0,1.0,0.0,200,5,200000,0.00030732222415595634,100000,1,False,50
97.5243810952738,2014.0,10558100717.0,10558104266.0,46.0,46.0,1.0,1.0,0.0,0.0,352.0,10558104266.0,2014.0,46.0,1.0,0.0,200,5,200000,0.00030732222415595634,100000,1,False,50
382.207578253707,2014.0,10557101357.0,10557101954.0,46.0,46.0,1.0,1.0,0.0,0.0,98.0,10557101360.0,2014.0,46.0,1.0,0.0,200,5,200000,0.00032994857737792487,100000,1,False,50
39.4365192582026,2014.0,10557101357.0,10557101954.0,46.0,46.0,1.0,1.0,0.0,0.0,167.0,10557101357.0,2014.0,46.0,1.0,0.0,200,5,200000,0.00032994857737792487,100000,1,False,50
6.21820237422272,2014.0,10557101357.0,10557101954.0,46.0,46.0,1.0,1.0,0.0,0.0,7.0,10557101666.0,2014.0,46.0,1.0,0.0,200,5,200000,0.00032994857737792487,100000,1,False,50
39.0050876201244,2014.0,10557101357.0,10557101954.0,46.0,46.0,1.0,1.0,0.0,0.0,322.0,10557101764.0,2014.0,46.0,1.0,0.0,200,5,200000,0.00032994857737792487,100000,1,False,50
9.94733762434172,2014.0,10557101357.0,10557101954.0,46.0,46.0,1.0,1.0,0.0,0.0,366.0,10557101954.0,2014.0,46.0,1.0,0.0,200,5,200000,0.00032994857737792487,100000,1,False,50
260.252365930599,2014.0,10554103466.0,10554110751.0,46.0,46.0,1.0,1.0,0.0,0.0,189.0,10554106152.0,2014.0,46.0,1.0,0.0,200,5,200000,0.0002934606920157682,100000,1,False,50
43.2234432234432,2014.0,10554103466.0,10554110751.0,46.0,46.0,1.0,1.0,0.0,0.0,340.0,10554106313.0,2014.0,46.0,1.0,0.0,200,5,200000,0.0002934606920157682,100000,1,False,50
122.605363984674,2014.0,10554103466.0,10554110751.0,46.0,46.0,1.0,1.0,0.0,0.0,85.0,10554108738.0,2014.0,46.0,1.0,0.0,200,5,200000,0.0002934606920157682,100000,1,False,50
83.4014717906787,2014.0,10554103466.0,10554110751.0,46.0,46.0,1.0,1.0,0.0,0.0,61.0,10554110751.0,2014.0,46.0,1.0,0.0,200,5,200000,0.0002934606920157682,100000,1,False,50
10.2669404517454,2014.0,10554103466.0,10554110751.0,46.0,46.0,1.0,1.0,0.0,0.0,141.0,10554103466.0,2014.0,46.0,1.0,0.0,200,5,200000,0.0002934606920157682,100000,1,False,50
76.6721044045677,2014.0,10554101471.0,10554102915.0,46.0,46.0,1.0,1.0,0.0,0.0,58.0,10554101829.0,2014.0,46.0,1.0,0.0,200,5,200000,0.0003704664790805902,100000,1,False,50
97.0464135021097,2014.0,10554101471.0,10554102915.0,46.0,46.0,1.0,1.0,0.0,0.0,35.0,10554101846.0,2014.0,46.0,1.0,0.0,200,5,200000,0.0003704664790805902,100000,1,False,50
407.312379730597,2014.0,10554101471.0,10554102915.0,46.0,46.0,1.0,1.0,0.0,0.0,353.0,10554101471.0,2014.0,46.0,1.0,0.0,200,5,200000,0.0003704664790805902,100000,1,False,50
28.4853168469861,2014.0,10554101471.0,10554102915.0,46.0,46.0,1.0,1.0,0.0,0.0,270.0,10554102712.0,2014.0,46.0,1.0,0.0,200,5,200000,0.0003704664790805902,100000,1,False,50
110.963081861958,2014.0,10554101471.0,10554102915.0,46.0,46.0,1.0,1.0,0.0,0.0,309.0,10554102915.0,2014.0,46.0,1.0,0.0,200,5,200000,0.0003704664790805902,100000,1,False,50
37.6107298814722,2014.0,10555102572.0,10555105138.0,46.0,46.0,1.0,1.0,0.0,0.0,156.0,10555104769.0,2014.0,46.0,1.0,0.0,200,5,200000,0.0003493344694922655,100000,1,False,50
999.138673557278,2014.0,10555102572.0,10555105138.0,46.0,46.0,1.0,1.0,0.0,0.0,152.0,10555104852.0,2014.0,46.0,1.0,0.0,200,5,200000,0.0003493344694922655,100000,1,False,50
7359.16666666667,2014.0,10555102572.0,10555105138.0,46.0,46.0,1.0,1.0,0.0,0.0,279.0,10555105138.0,2014.0,46.0,1.0,0.0,200,5,200000,0.0003493344694922655,100000,1,False,50
91.4746543778802,2014.0,10555102572.0,10555105138.0,46.0,46.0,1.0,1.0,0.0,0.0,174.0,10555102578.0,2014.0,46.0,1.0,0.0,200,5,200000,0.0003493344694922655,100000,1,False,50
123.373493975904,2014.0,10555102572.0,10555105138.0,46.0,46.0,1.0,1.0,0.0,0.0,295.0,10555102572.0,2014.0,46.0,1.0,0.0,200,5,200000,0.0003493344694922655,100000,1,False,50
47.9414225941423,2014.0,10557108047.0,10557110659.0,46.0,46.0,1.0,1.0,0.0,0.0,179.0,10557109015.0,2014.0,46.0,1.0,0.0,200,5,200000,0.0003464366427568911,100000,1,False,50
87.4544508068714,2014.0,10557108047.0,10557110659.0,46.0,46.0,1.0,1.0,0.0,0.0,221.0,10557109051.0,2014.0,46.0,1.0,0.0,200,5,200000,0.0003464366427568911,100000,1,False,50
1021.38613861386,2014.0,10557108047.0,10557110659.0,46.0,46.0,1.0,1.0,0.0,0.0,276.0,10557108440.0,2014.0,46.0,1.0,0.0,200,5,200000,0.0003464366427568911,100000,1,False,50
0.829875518672199,2014.0,10557108047.0,10557110659.0,46.0,46.0,1.0,1.0,0.0,0.0,127.0,10557108047.0,2014.0,46.0,1.0,0.0,200,5,200000,0.0003464366427568911,100000,1,False,50
94.2408376963351,2014.0,10557108047.0,10557110659.0,46.0,46.0,1.0,1.0,0.0,0.0,38.0,10557110659.0,2014.0,46.0,1.0,0.0,200,5,200000,0.0003464366427568911,100000,1,False,50
61.9946272666219,2014.0,10555100143.0,10555101611.0,46.0,46.0,1.0,1.0,0.0,0.0,296.0,10555100143.0,2014.0,46.0,1.0,0.0,200,5,200000,0.00034458777910889403,100000,1,False,50
76.5881677197013,2014.0,10555100143.0,10555101611.0,46.0,46.0,1.0,1.0,0.0,0.0,289.0,10555100228.0,2014.0,46.0,1.0,0.0,200,5,200000,0.00034458777910889403,100000,1,False,50
12.0355834641549,2014.0,10555100143.0,10555101611.0,46.0,46.0,1.0,1.0,0.0,0.0,48.0,10555100711.0,2014.0,46.0,1.0,0.0,200,5,200000,0.00034458777910889403,100000,1,False,50
31.25,2014.0,10555100143.0,10555101611.0,46.0,46.0,1.0,1.0,0.0,0.0,131.0,10555101274.0,2014.0,46.0,1.0,0.0,200,5,200000,0.00034458777910889403,100000,1,False,50
297.340067340067,2014.0,10555100143.0,10555101611.0,46.0,46.0,1.0,1.0,0.0,0.0,299.0,10555101611.0,2014.0,46.0,1.0,0.0,200,5,200000,0.00034458777910889403,100000,1,False,50
302.349336057201,2014.0,10552107459.0,10552108628.0,46.0,46.0,1.0,1.0,0.0,0.0,148.0,10552107459.0,2014.0,46.0,1.0,0.0,200,5,200000,0.0003311450233134253,100000,1,False,50
99.671412924425,2014.0,10552107459.0,10552108628.0,46.0,46.0,1.0,1.0,0.0,0.0,105.0,10552108031.0,2014.0,46.0,1.0,0.0,200,5,200000,0.0003311450233134253,100000,1,False,50
82.0596393897365,2014.0,10552107459.0,10552108628.0,46.0,46.0,1.0,1.0,0.0,0.0,275.0,10552108159.0,2014.0,46.0,1.0,0.0,200,5,200000,0.0003311450233134253,100000,1,False,50
76.3888888888889,2014.0,10552107459.0,10552108628.0,46.0,46.0,1.0,1.0,0.0,0.0,331.0,10552108531.0,2014.0,46.0,1.0,0.0,200,5,200000,0.0003311450233134253,100000,1,False,50
46.1304115446285,2014.0,10552107459.0,10552108628.0,46.0,46.0,1.0,1.0,0.0,0.0,251.0,10552108628.0,2014.0,46.0,1.0,0.0,200,5,200000,0.0003311450233134253,100000,1,False,50
431.578947368421,2014.0,10558105122.0,10558107215.0,46.0,46.0,1.0,1.0,0.0,0.0,86.0,10558106828.0,2014.0,46.0,1.0,0.0,200,5,200000,0.0003168989135489814,100000,1,False,50
79.5392278953923,2014.0,10558105122.0,10558107215.0,46.0,46.0,1.0,1.0,0.0,0.0,172.0,10558107215.0,2014.0,46.0,1.0,0.0,200,5,200000,0.0003168989135489814,100000,1,False,50
1582.73381294964,2014.0,10558105122.0,10558107215.0,46.0,46.0,1.0,1.0,0.0,0.0,191.0,10558105665.0,2014.0,46.0,1.0,0.0,200,5,200000,0.0003168989135489814,100000,1,False,50
311.827956989247,2014.0,10558105122.0,10558107215.0,46.0,46.0,1.0,1.0,0.0,0.0,219.0,10558105373.0,2014.0,46.0,1.0,0.0,200,5,200000,0.0003168989135489814,100000,1,False,50
17.4581005586592,2014.0,10558105122.0,10558107215.0,46.0,46.0,1.0,1.0,0.0,0.0,34.0,10558105122.0,2014.0,46.0,1.0,0.0,200,5,200000,0.0003168989135489814,100000,1,False,50
149.804597701149,2014.0,10552100118.0,10552103429.0,46.0,46.0,1.0,1.0,0.0,0.0,245.0,10552100728.0,2014.0,46.0,1.0,0.0,200,5,200000,0.0003129278334607184,100000,1,False,50
1261.60337552743,2014.0,10552100118.0,10552103429.0,46.0,46.0,1.0,1.0,0.0,0.0,363.0,10552100970.0,2014.0,46.0,1.0,0.0,200,5,200000,0.0003129278334607184,100000,1,False,50
493.540051679587,2014.0,10552100118.0,10552103429.0,46.0,46.0,1.0,1.0,0.0,0.0,210.0,10552101069.0,2014.0,46.0,1.0,0.0,200,5,200000,0.0003129278334607184,100000,1,False,50
36.7447784004075,2014.0,10552100118.0,10552103429.0,46.0,46.0,1.0,1.0,0.0,0.0,306.0,10552100118.0,2014.0,46.0,1.0,0.0,200,5,200000,0.0003129278334607184,100000,1,False,50
318.233944954128,2014.0,10552100118.0,10552103429.0,46.0,46.0,1.0,1.0,0.0,0.0,199.0,10552103429.0,2014.0,46.0,1.0,0.0,200,5,200000,0.0003129278334607184,100000,1,False,50
62.8800611153552,2014.0,10552109716.0,10553105723.0,46.0,46.0,1.0,1.0,0.0,0.0,321.0,10553101264.0,2014.0,46.0,1.0,0.0,200,5,200000,0.0003196237691484409,100000,1,False,50
54.6005917159763,2014.0,10552109716.0,10553105723.0,46.0,46.0,1.0,1.0,0.0,0.0,183.0,10553101866.0,2014.0,46.0,1.0,0.0,200,5,200000,0.0003196237691484409,100000,1,False,50
357.794117647059,2014.0,10552109716.0,10553105723.0,46.0,46.0,1.0,1.0,0.0,0.0,235.0,10553104140.0,2014.0,46.0,1.0,0.0,200,5,200000,0.0003196237691484409,100000,1,False,50
75.9913793103448,2014.0,10552109716.0,10553105723.0,46.0,46.0,1.0,1.0,0.0,0.0,297.0,10553105723.0,2014.0,46.0,1.0,0.0,200,5,200000,0.0003196237691484409,100000,1,False,50
4.05797101449275,2014.0,10552109716.0,10553105723.0,46.0,46.0,1.0,1.0,0.0,0.0,96.0,10552109716.0,2014.0,46.0,1.0,0.0,200,5,200000,0.0003196237691484409,100000,1,False,50
57.7842003853564,2014.0,10556100810.0,10556106020.0,46.0,46.0,1.0,1.0,0.0,0.0,184.0,10556103723.0,2014.0,46.0,1.0,0.0,200,5,200000,0.00807139854583753,100000,1,False,50
167.421875,2014.0,10556100810.0,10556106020.0,46.0,46.0,1.0,1.0,0.0,0.0,312.0,10556104967.0,2014.0,46.0,1.0,0.0,200,5,200000,0.00807139854583753,100000,1,False,50
42.5531914893617,2014.0,10556100810.0,10556106020.0,46.0,46.0,1.0,1.0,0.0,0.0,109.0,10556105011.0,2014.0,46.0,1.0,0.0,200,5,200000,0.00807139854583753,100000,1,False,50
26.8817204301075,2014.0,10556100810.0,10556106020.0,46.0,46.0,1.0,1.0,0.0,0.0,77.0,10556106020.0,2014.0,46.0,1.0,0.0,200,5,200000,0.00807139854583753,100000,1,False,50
14.6750524109015,2014.0,10556100810.0,10556106020.0,46.0,46.0,1.0,1.0,0.0,0.0,55.0,10556100810.0,2014.0,46.0,1.0,0.0,200,5,200000,0.00807139854583753,100000,1,False,50
208.061002178649,2014.0,10551104960.0,10551110946.0,46.0,46.0,1.0,1.0,0.0,0.0,325.0,10551105870.0,2014.0,46.0,1.0,0.0,200,5,200000,0.00763487218630616,100000,1,False,50
95.7874015748031,2014.0,10551104960.0,10551110946.0,46.0,46.0,1.0,1.0,0.0,0.0,287.0,10551105720.0,2014.0,46.0,1.0,0.0,200,5,200000,0.00763487218630616,100000,1,False,50
106.073529411765,2014.0,10551104960.0,10551110946.0,46.0,46.0,1.0,1.0,0.0,0.0,329.0,10551104960.0,2014.0,46.0,1.0,0.0,200,5,200000,0.00763487218630616,100000,1,False,50
157.155399473222,2014.0,10551104960.0,10551110946.0,46.0,46.0,1.0,1.0,0.0,0.0,59.0,10551108264.0,2014.0,46.0,1.0,0.0,200,5,200000,0.00763487218630616,100000,1,False,50
412.903225806452,2014.0,10551104960.0,10551110946.0,46.0,46.0,1.0,1.0,0.0,0.0,203.0,10551110946.0,2014.0,46.0,1.0,0.0,200,5,200000,0.00763487218630616,100000,1,False,50
26.7489711934156,2014.0,10559110024.0,10559111056.0,46.0,46.0,1.0,1.0,0.0,0.0,24.0,10559110024.0,2014.0,46.0,1.0,0.0,200,5,200000,0.007252231028341745,100000,1,False,50
31.8268618714195,2014.0,10559110024.0,10559111056.0,46.0,46.0,1.0,1.0,0.0,0.0,116.0,10559110432.0,2014.0,46.0,1.0,0.0,200,5,200000,0.007252231028341745,100000,1,False,50
62.992125984252,2014.0,10559110024.0,10559111056.0,46.0,46.0,1.0,1.0,0.0,0.0,336.0,10559110866.0,2014.0,46.0,1.0,0.0,200,5,200000,0.007252231028341745,100000,1,False,50
106.382978723404,2014.0,10559110024.0,10559111056.0,46.0,46.0,1.0,1.0,0.0,0.0,37.0,10559110871.0,2014.0,46.0,1.0,0.0,200,5,200000,0.007252231028341745,100000,1,False,50
82.6446280991736,2014.0,10559110024.0,10559111056.0,46.0,46.0,1.0,1.0,0.0,0.0,146.0,10559111056.0,2014.0,46.0,1.0,0.0,200,5,200000,0.007252231028341745,100000,1,False,50
132.113821138211,2014.0,10554100020.0,10555107843.0,46.0,46.0,1.0,1.0,0.0,0.0,4.0,10554103167.0,2014.0,46.0,1.0,0.0,200,5,200000,0.0068773157963993815,100000,1,False,50
63.8297872340426,2014.0,10554100020.0,10555107843.0,46.0,46.0,1.0,1.0,0.0,0.0,119.0,10554100020.0,2014.0,46.0,1.0,0.0,200,5,200000,0.0068773157963993815,100000,1,False,50
107.527932960894,2014.0,10554100020.0,10555107843.0,46.0,46.0,1.0,1.0,0.0,0.0,181.0,10555107380.0,2014.0,46.0,1.0,0.0,200,5,200000,0.0068773157963993815,100000,1,False,50
68.1818181818182,2014.0,10554100020.0,10555107843.0,46.0,46.0,1.0,1.0,0.0,0.0,81.0,10555107631.0,2014.0,46.0,1.0,0.0,200,5,200000,0.0068773157963993815,100000,1,False,50
56.4042303172738,2014.0,10554100020.0,10555107843.0,46.0,46.0,1.0,1.0,0.0,0.0,53.0,10555107843.0,2014.0,46.0,1.0,0.0,200,5,200000,0.0068773157963993815,100000,1,False,50
38.1679389312977,2014.0,10559103311.0,10559105260.0,46.0,46.0,1.0,1.0,0.0,0.0,56.0,10559103966.0,2014.0,46.0,1.0,0.0,200,5,200000,0.012824610347730053,100000,1,False,50
89.0336590662323,2014.0,10559103311.0,10559105260.0,46.0,46.0,1.0,1.0,0.0,0.0,74.0,10559103311.0,2014.0,46.0,1.0,0.0,200,5,200000,0.012824610347730053,100000,1,False,50
137.440758293839,2014.0,10559103311.0,10559105260.0,46.0,46.0,1.0,1.0,0.0,0.0,46.0,10559104842.0,2014.0,46.0,1.0,0.0,200,5,200000,0.012824610347730053,100000,1,False,50
42.3011844331641,2014.0,10559103311.0,10559105260.0,46.0,46.0,1.0,1.0,0.0,0.0,45.0,10559104937.0,2014.0,46.0,1.0,0.0,200,5,200000,0.012824610347730053,100000,1,False,50
674.242424242424,2014.0,10559103311.0,10559105260.0,46.0,46.0,1.0,1.0,0.0,0.0,357.0,10559105260.0,2014.0,46.0,1.0,0.0,200,5,200000,0.012824610347730053,100000,1,False,50
318.076027928627,2014.0,10559100528.0,10559101141.0,46.0,46.0,1.0,1.0,0.0,0.0,226.0,10559100528.0,2014.0,46.0,1.0,0.0,200,5,200000,0.012225501564107085,100000,1,False,50
79.3742757821553,2014.0,10559100528.0,10559101141.0,46.0,46.0,1.0,1.0,0.0,0.0,344.0,10559100632.0,2014.0,46.0,1.0,0.0,200,5,200000,0.012225501564107085,100000,1,False,50
53.9717741935484,2014.0,10559100528.0,10559101141.0,46.0,46.0,1.0,1.0,0.0,0.0,308.0,10559100659.0,2014.0,46.0,1.0,0.0,200,5,200000,0.012225501564107085,100000,1,False,50
4235.29411764706,2014.0,10559100528.0,10559101141.0,46.0,46.0,1.0,1.0,0.0,0.0,208.0,10559100751.0,2014.0,46.0,1.0,0.0,200,5,200000,0.012225501564107085,100000,1,False,50
477.973568281938,2014.0,10559100528.0,10559101141.0,46.0,46.0,1.0,1.0,0.0,0.0,200.0,10559101141.0,2014.0,46.0,1.0,0.0,200,5,200000,0.012225501564107085,100000,1,False,50
7.98934753661784,2014.0,10559105919.0,10559108614.0,46.0,46.0,1.0,1.0,0.0,0.0,100.0,10559105919.0,2014.0,46.0,1.0,0.0,200,5,200000,0.011673275625936818,100000,1,False,50
327.560975609756,2014.0,10559105919.0,10559108614.0,46.0,46.0,1.0,1.0,0.0,0.0,178.0,10559107535.0,2014.0,46.0,1.0,0.0,200,5,200000,0.011673275625936818,100000,1,False,50
265.873170731707,2014.0,10559105919.0,10559108614.0,46.0,46.0,1.0,1.0,0.0,0.0,225.0,10559107649.0,2014.0,46.0,1.0,0.0,200,5,200000,0.011673275625936818,100000,1,False,50
937.472527472528,2014.0,10559105919.0,10559108614.0,46.0,46.0,1.0,1.0,0.0,0.0,166.0,10559108226.0,2014.0,46.0,1.0,0.0,200,5,200000,0.011673275625936818,100000,1,False,50
520.89552238806,2014.0,10559105919.0,10559108614.0,46.0,46.0,1.0,1.0,0.0,0.0,204.0,10559108614.0,2014.0,46.0,1.0,0.0,200,5,200000,0.011673275625936818,100000,1,False,50
86.8187001140251,2014.0,10557100630.0,10558109774.0,46.0,46.0,1.0,1.0,0.0,0.0,265.0,10557100731.0,2014.0,46.0,1.0,0.0,200,5,200000,0.011180370659801223,100000,1,False,50
67.8824476650564,2014.0,10557100630.0,10558109774.0,46.0,46.0,1.0,1.0,0.0,0.0,302.0,10557100630.0,2014.0,46.0,1.0,0.0,200,5,200000,0.011180370659801223,100000,1,False,50
647.457627118644,2014.0,10557100630.0,10558109774.0,46.0,46.0,1.0,1.0,0.0,0.0,103.0,10557111013.0,2014.0,46.0,1.0,0.0,200,5,200000,0.011180370659801223,100000,1,False,50
41.8809698750918,2014.0,10557100630.0,10558109774.0,46.0,46.0,1.0,1.0,0.0,0.0,30.0,10558104454.0,2014.0,46.0,1.0,0.0,200,5,200000,0.011180370659801223,100000,1,False,50
26.9989615784008,2014.0,10557100630.0,10558109774.0,46.0,46.0,1.0,1.0,0.0,0.0,92.0,10558109774.0,2014.0,46.0,1.0,0.0,200,5,200000,0.011180370659801223,100000,1,False,50
31.9081046585833,2014.0,10552106640.0,10559102156.0,46.0,46.0,1.0,1.0,0.0,1.0,14.0,10555111039.0,2014.0,46.0,1.0,0.0,200,5,200000,0.01596402726115589,100000,1,False,50
146.835443037975,2014.0,10552106640.0,10559102156.0,46.0,46.0,1.0,1.0,0.0,1.0,69.0,10552109460.0,2014.0,46.0,1.0,0.0,200,5,200000,0.01596402726115589,100000,1,False,50
85.5670103092784,2014.0,10552106640.0,10559102156.0,46.0,46.0,1.0,1.0,0.0,1.0,333.0,10552106640.0,2014.0,46.0,1.0,0.0,200,5,200000,0.01596402726115589,100000,1,False,50
17.7705977382876,2014.0,10552106640.0,10559102156.0,46.0,46.0,1.0,1.0,0.0,1.0,112.0,10559102156.0,2014.0,46.0,1.0,0.0,200,5,200000,0.01596402726115589,100000,1,False,50
327.676767676768,2014.0,10552106640.0,10559102156.0,46.0,46.0,1.0,1.0,0.0,1.0,299.0,10555101611.0,2014.0,46.0,1.0,1.0,200,5,200000,0.01596402726115589,100000,1,False,50
0.0,2014.0,10552106640.0,10559102156.0,46.0,46.0,1.0,1.0,0.0,1.0,347.0,10558105915.0,2014.0,46.0,1.0,1.0,200,5,200000,0.07026010276867162,100000,1,False,50
299.651567944251,2014.0,10559107535.0,10559108614.0,46.0,46.0,1.0,1.0,1.0,1.0,178.0,10559107535.0,2014.0,46.0,1.0,1.0,200,5,200000,0.07026010276867162,100000,1,False,50
111.5,2014.0,10559107535.0,10559108614.0,46.0,46.0,1.0,1.0,1.0,1.0,211.0,10559107546.0,2014.0,46.0,1.0,1.0,200,5,200000,0.07026010276867162,100000,1,False,50
245.614035087719,2014.0,10559107535.0,10559108614.0,46.0,46.0,1.0,1.0,1.0,1.0,360.0,10559107719.0,2014.0,46.0,1.0,1.0,200,5,200000,0.07026010276867162,100000,1,False,50
56.0975609756098,2014.0,10559107535.0,10559108614.0,46.0,46.0,1.0,1.0,1.0,1.0,5.0,10559108034.0,2014.0,46.0,1.0,1.0,200,5,200000,0.07026010276867162,100000,1,False,50
511.940298507463,2014.0,10559107535.0,10559108614.0,46.0,46.0,1.0,1.0,1.0,1.0,204.0,10559108614.0,2014.0,46.0,1.0,1.0,200,5,200000,0.07026010276867162,100000,1,False,50
681.818181818182,2014.0,10559101051.0,10559105260.0,46.0,46.0,1.0,1.0,1.0,1.0,357.0,10559105260.0,2014.0,46.0,1.0,1.0,200,5,200000,0.0675629722548173,100000,1,False,50
42.3011844331641,2014.0,10559101051.0,10559105260.0,46.0,46.0,1.0,1.0,1.0,1.0,45.0,10559104937.0,2014.0,46.0,1.0,1.0,200,5,200000,0.0675629722548173,100000,1,False,50
33.0788804071247,2014.0,10559101051.0,10559105260.0,46.0,46.0,1.0,1.0,1.0,1.0,56.0,10559103966.0,2014.0,46.0,1.0,1.0,200,5,200000,0.0675629722548173,100000,1,False,50
104.301369863014,2014.0,10559101051.0,10559105260.0,46.0,46.0,1.0,1.0,1.0,1.0,254.0,10559103878.0,2014.0,46.0,1.0,1.0,200,5,200000,0.0675629722548173,100000,1,False,50
8.60585197934596,2014.0,10559101051.0,10559105260.0,46.0,46.0,1.0,1.0,1.0,1.0,36.0,10559101051.0,2014.0,46.0,1.0,1.0,200,5,200000,0.0675629722548173,100000,1,False,50
19.4915254237288,2014.0,10552106640.0,10559102156.0,46.0,46.0,1.0,1.0,0.0,1.0,26.0,10557110550.0,2014.0,46.0,1.0,1.0,200,5,200000,0.0650801021363008,100000,1,False,50
304.902962206333,2014.0,10552106640.0,10559102156.0,46.0,46.0,1.0,1.0,0.0,1.0,148.0,10552107459.0,2014.0,46.0,1.0,1.0,200,5,200000,0.0650801021363008,100000,1,False,50
60.8359621451104,2014.0,10552106640.0,10559102156.0,46.0,46.0,1.0,1.0,0.0,1.0,258.0,10555107178.0,2014.0,46.0,1.0,1.0,200,5,200000,0.0650801021363008,100000,1,False,50
61.1045828437133,2014.0,10552106640.0,10559102156.0,46.0,46.0,1.0,1.0,0.0,1.0,53.0,10555107843.0,2014.0,46.0,1.0,1.0,200,5,200000,0.0650801021363008,100000,1,False,50
54.6005917159763,2014.0,10552106640.0,10559102156.0,46.0,46.0,1.0,1.0,0.0,1.0,183.0,10553101866.0,2014.0,46.0,1.0,1.0,200,5,200000,0.0650801021363008,100000,1,False,50
52.1042084168337,2014.0,10551108077.0,10551110265.0,46.0,46.0,1.0,1.0,1.0,1.0,354.0,10551108077.0,2014.0,46.0,1.0,1.0,200,5,200000,0.0650801021363008,100000,1,False,50
67.115804806992,2014.0,10551108077.0,10551110265.0,46.0,46.0,1.0,1.0,1.0,1.0,301.0,10551108210.0,2014.0,46.0,1.0,1.0,200,5,200000,0.0650801021363008,100000,1,False,50
178.04478427089,2014.0,10551108077.0,10551110265.0,46.0,46.0,1.0,1.0,1.0,1.0,193.0,10551108750.0,2014.0,46.0,1.0,1.0,200,5,200000,0.0650801021363008,100000,1,False,50
217.054263565891,2014.0,10551108077.0,10551110265.0,46.0,46.0,1.0,1.0,1.0,1.0,212.0,10551109713.0,2014.0,46.0,1.0,1.0,200,5,200000,0.0650801021363008,100000,1,False,50
39.6600566572238,2014.0,10551108077.0,10551110265.0,46.0,46.0,1.0,1.0,1.0,1.0,123.0,10551110265.0,2014.0,46.0,1.0,1.0,200,5,200000,0.0650801021363008,100000,1,False,50
35.0989151244416,2014.0,10552106640.0,10559102156.0,46.0,46.0,1.0,1.0,0.0,1.0,14.0,10555111039.0,2014.0,46.0,1.0,1.0,200,5,200000,0.06276556863903618,100000,1,False,50
534.69387755102,2014.0,10551101222.0,10551105770.0,46.0,46.0,1.0,1.0,1.0,1.0,207.0,10551102629.0,2014.0,46.0,1.0,1.0,200,5,200000,0.06276556863903618,100000,1,False,50
243.573943661972,2014.0,10551101222.0,10551105770.0,46.0,46.0,1.0,1.0,1.0,1.0,324.0,10551103771.0,2014.0,46.0,1.0,1.0,200,5,200000,0.06276556863903618,100000,1,False,50
135.711060948081,2014.0,10551101222.0,10551105770.0,46.0,46.0,1.0,1.0,1.0,1.0,292.0,10551101523.0,2014.0,46.0,1.0,1.0,200,5,200000,0.06276556863903618,100000,1,False,50
30.9615384615385,2014.0,10551101222.0,10551105770.0,46.0,46.0,1.0,1.0,1.0,1.0,182.0,10551101222.0,2014.0,46.0,1.0,1.0,200,5,200000,0.06276556863903618,100000,1,False,50
382.8125,2014.0,10551101222.0,10551105770.0,46.0,46.0,1.0,1.0,1.0,1.0,209.0,10551105770.0,2014.0,46.0,1.0,1.0,200,5,200000,0.06276556863903618,100000,1,False,50
49.3273542600897,2014.0,10552106640.0,10559102156.0,46.0,46.0,1.0,1.0,0.0,1.0,230.0,10557104324.0,2014.0,46.0,1.0,1.0,200,5,200000,0.06062081657775134,100000,1,False,50
181.532004197272,2014.0,10552106640.0,10559102156.0,46.0,46.0,1.0,1.0,0.0,1.0,153.0,10553106450.0,2014.0,46.0,1.0,1.0,200,5,200000,0.06062081657775134,100000,1,False,50
19.203413940256,2014.0,10552106640.0,10559102156.0,46.0,46.0,1.0,1.0,0.0,1.0,2.0,10557107834.0,2014.0,46.0,1.0,1.0,200,5,200000,0.06062081657775134,100000,1,False,50
72.3684210526316,2014.0,10552106640.0,10559102156.0,46.0,46.0,1.0,1.0,0.0,1.0,31.0,10555104561.0,2014.0,46.0,1.0,1.0,200,5,200000,0.06062081657775134,100000,1,False,50
32.4963072378139,2014.0,10552106640.0,10559102156.0,46.0,46.0,1.0,1.0,0.0,1.0,125.0,10552108830.0,2014.0,46.0,1.0,1.0,200,5,200000,0.06062081657775134,100000,1,False,50
23.6071765816808,2014.0,10552106640.0,10559102156.0,46.0,46.0,1.0,1.0,0.0,1.0,32.0,10556103267.0,2014.0,46.0,1.0,1.0,200,5,200000,0.06062081657775134,100000,1,False,50
114.183937823834,2014.0,10552106640.0,10559102156.0,46.0,46.0,1.0,1.0,0.0,1.0,263.0,10554104446.0,2014.0,46.0,1.0,1.0,200,5,200000,0.06062081657775134,100000,1,False,50
38.8278388278388,2014.0,10552106640.0,10559102156.0,46.0,46.0,1.0,1.0,0.0,1.0,340.0,10554106313.0,2014.0,46.0,1.0,1.0,200,5,200000,0.06062081657775134,100000,1,False,50
166.543846720707,2014.0,10552106640.0,10559102156.0,46.0,46.0,1.0,1.0,0.0,1.0,164.0,10553110455.0,2014.0,46.0,1.0,1.0,200,5,200000,0.06062081657775134,100000,1,False,50
777.434312210201,2014.0,10552106640.0,10559102156.0,46.0,46.0,1.0,1.0,0.0,1.0,229.0,10553108826.0,2014.0,46.0,1.0,1.0,200,5,200000,0.06062081657775134,100000,1,False,50
70.2758979698074,2014.0,10552106640.0,10559102156.0,46.0,46.0,1.0,1.0,0.0,1.0,221.0,10557109051.0,2014.0,46.0,1.0,1.0,200,5,200000,0.06062081657775134,100000,1,False,50
73.2755474452555,2014.0,10552106640.0,10559102156.0,46.0,46.0,1.0,1.0,0.0,1.0,256.0,10556110574.0,2014.0,46.0,1.0,1.0,200,5,200000,0.06062081657775134,100000,1,False,50
28.6425902864259,2014.0,10552106640.0,10559102156.0,46.0,46.0,1.0,1.0,0.0,1.0,122.0,10553110670.0,2014.0,46.0,1.0,1.0,200,5,200000,0.06062081657775134,100000,1,False,50
116.067588325653,2014.0,10552106640.0,10559102156.0,46.0,46.0,1.0,1.0,0.0,1.0,174.0,10555102578.0,2014.0,46.0,1.0,1.0,200,5,200000,0.06062081657775134,100000,1,False,50
145.342886386899,2014.0,10552106640.0,10559102156.0,46.0,46.0,1.0,1.0,0.0,1.0,227.0,10555103419.0,2014.0,46.0,1.0,1.0,200,5,200000,0.06062081657775134,100000,1,False,50
53.2125,2014.0,10552106640.0,10559102156.0,46.0,46.0,1.0,1.0,0.0,1.0,330.0,10557108512.0,2014.0,46.0,1.0,1.0,200,5,200000,0.06062081657775134,100000,1,False,50
270.504731861199,2014.0,10552106640.0,10559102156.0,46.0,46.0,1.0,1.0,0.0,1.0,189.0,10554106152.0,2014.0,46.0,1.0,1.0,200,5,200000,0.06062081657775134,100000,1,False,50
771.739130434783,2014.0,10552104532.0,10552106670.0,46.0,46.0,1.0,1.0,1.0,1.0,49.0,10552104973.0,2014.0,46.0,1.0,1.0,200,5,200000,0.06062081657775134,100000,1,False,50
47.1108622620381,2014.0,10552104532.0,10552106670.0,46.0,46.0,1.0,1.0,1.0,1.0,277.0,10552104819.0,2014.0,46.0,1.0,1.0,200,5,200000,0.06062081657775134,100000,1,False,50
48.9443488238669,2014.0,10552104532.0,10552106670.0,46.0,46.0,1.0,1.0,1.0,1.0,293.0,10552105240.0,2014.0,46.0,1.0,1.0,200,5,200000,0.06062081657775134,100000,1,False,50
106.382978723404,2014.0,10552104532.0,10552106670.0,46.0,46.0,1.0,1.0,1.0,1.0,12.0,10552104532.0,2014.0,46.0,1.0,1.0,200,5,200000,0.06062081657775134,100000,1,False,50
303.504847129008,2014.0,10552104532.0,10552106670.0,46.0,46.0,1.0,1.0,1.0,1.0,192.0,10552106670.0,2014.0,46.0,1.0,1.0,200,5,200000,0.06062081657775134,100000,1,False,50
45.0751252086811,2014.0,10552104532.0,10552106670.0,46.0,46.0,1.0,1.0,1.0,1.0,368.0,10552106439.0,2014.0,46.0,1.0,1.0,200,5,200000,0.06062081657775134,100000,1,False,50
221.729490022173,2014.0,10552106640.0,10559102156.0,46.0,46.0,1.0,1.0,0.0,1.0,274.0,10554102252.0,2014.0,46.0,1.0,1.0,200,5,200000,0.05860901941160405,100000,1,False,50
15.3321976149915,2014.0,10552106640.0,10559102156.0,46.0,46.0,1.0,1.0,0.0,1.0,57.0,10554104770.0,2014.0,46.0,1.0,1.0,200,5,200000,0.05860901941160405,100000,1,False,50
393.885135135135,2014.0,10552106640.0,10559102156.0,46.0,46.0,1.0,1.0,0.0,1.0,294.0,10555106917.0,2014.0,46.0,1.0,1.0,200,5,200000,0.05860901941160405,100000,1,False,50
2184.43804034582,2014.0,10552106640.0,10559102156.0,46.0,46.0,1.0,1.0,0.0,1.0,157.0,10553107260.0,2014.0,46.0,1.0,1.0,200,5,200000,0.05860901941160405,100000,1,False,50
83.4466019417476,2014.0,10552106640.0,10559102156.0,46.0,46.0,1.0,1.0,0.0,1.0,275.0,10552108159.0,2014.0,46.0,1.0,1.0,200,5,200000,0.05860901941160405,100000,1,False,50
346.636771300448,2014.0,10552106640.0,10559102156.0,46.0,46.0,1.0,1.0,0.0,1.0,310.0,10556103076.0,2014.0,46.0,1.0,1.0,200,5,200000,0.05860901941160405,100000,1,False,50
107.879656160458,2014.0,10552106640.0,10559102156.0,46.0,46.0,1.0,1.0,0.0,1.0,262.0,10557106237.0,2014.0,46.0,1.0,1.0,200,5,200000,0.05860901941160405,100000,1,False,50
23.8347457627119,2014.0,10552106640.0,10559102156.0,46.0,46.0,1.0,1.0,0.0,1.0,47.0,10556103068.0,2014.0,46.0,1.0,1.0,200,5,200000,0.05860901941160405,100000,1,False,50
4.06091370558376,2014.0,10552106640.0,10559102156.0,46.0,46.0,1.0,1.0,0.0,1.0,93.0,10555110971.0,2014.0,46.0,1.0,1.0,200,5,200000,0.05860901941160405,100000,1,False,50
16.0614525139665,2014.0,10552106640.0,10559102156.0,46.0,46.0,1.0,1.0,0.0,1.0,34.0,10558105122.0,2014.0,46.0,1.0,1.0,200,5,200000,0.05860901941160405,100000,1,False,50
95.6137724550898,2014.0,10552106640.0,10559102156.0,46.0,46.0,1.0,1.0,0.0,1.0,177.0,10554102231.0,2014.0,46.0,1.0,1.0,200,5,200000,0.05860901941160405,100000,1,False,50
45.1612903225806,2014.0,10552106640.0,10559102156.0,46.0,46.0,1.0,1.0,0.0,1.0,10.0,10553101631.0,2014.0,46.0,1.0,1.0,200,5,200000,0.05860901941160405,100000,1,False,50
53.9355271994627,2014.0,10552106640.0,10559102156.0,46.0,46.0,1.0,1.0,0.0,1.0,296.0,10555100143.0,2014.0,46.0,1.0,1.0,200,5,200000,0.05860901941160405,100000,1,False,50
501.823529411765,2014.0,10552106640.0,10559102156.0,46.0,46.0,1.0,1.0,0.0,1.0,298.0,10555105256.0,2014.0,46.0,1.0,1.0,200,5,200000,0.05860901941160405,100000,1,False,50
26.4550264550265,2014.0,10552106640.0,10559102156.0,46.0,46.0,1.0,1.0,0.0,1.0,110.0,10552110933.0,2014.0,46.0,1.0,1.0,200,5,200000,0.05860901941160405,100000,1,False,50
98.6460348162476,2014.0,10559100632.0,10559110871.0,46.0,46.0,1.0,1.0,1.0,1.0,37.0,10559110871.0,2014.0,46.0,1.0,1.0,200,5,200000,0.05860901941160405,100000,1,False,50
61.0236220472441,2014.0,10559100632.0,10559110871.0,46.0,46.0,1.0,1.0,1.0,1.0,336.0,10559110866.0,2014.0,46.0,1.0,1.0,200,5,200000,0.05860901941160405,100000,1,False,50
26.0631001371742,2014.0,10559100632.0,10559110871.0,46.0,46.0,1.0,1.0,1.0,1.0,24.0,10559110024.0,2014.0,46.0,1.0,1.0,200,5,200000,0.05860901941160405,100000,1,False,50
45.3857791225416,2014.0,10559100632.0,10559110871.0,46.0,46.0,1.0,1.0,1.0,1.0,165.0,10559100761.0,2014.0,46.0,1.0,1.0,200,5,200000,0.05860901941160405,100000,1,False,50
61.9930475086906,2014.0,10559100632.0,10559110871.0,46.0,46.0,1.0,1.0,1.0,1.0,344.0,10559100632.0,2014.0,46.0,1.0,1.0,200,5,200000,0.05860901941160405,100000,1,False,50
301.188903566711,2014.0,10552106640.0,10559102156.0,46.0,46.0,1.0,1.0,0.0,1.0,102.0,10554108228.0,2014.0,46.0,1.0,1.0,200,5,200000,0.0567596383486891,100000,1,False,50
82.4607329842932,2014.0,10552106640.0,10559102156.0,46.0,46.0,1.0,1.0,0.0,1.0,38.0,10557110659.0,2014.0,46.0,1.0,1.0,200,5,200000,0.0567596383486891,100000,1,False,50
131.672597864769,2014.0,10552106640.0,10559102156.0,46.0,46.0,1.0,1.0,0.0,1.0,50.0,10553107643.0,2014.0,46.0,1.0,1.0,200,5,200000,0.0567596383486891,100000,1,False,50
26000.0,2014.0,10552106640.0,10559102156.0,46.0,46.0,1.0,1.0,0.0,1.0,362.0,10557100069.0,2014.0,46.0,1.0,1.0,200,5,200000,0.0567596383486891,100000,1,False,50
307.305936073059,2014.0,10552106640.0,10559102156.0,46.0,46.0,1.0,1.0,0.0,1.0,231.0,10552108619.0,2014.0,46.0,1.0,1.0,200,5,200000,0.0567596383486891,100000,1,False,50
1090.90909090909,2014.0,10552106640.0,10559102156.0,46.0,46.0,1.0,1.0,0.0,1.0,364.0,10558107465.0,2014.0,46.0,1.0,1.0,200,5,200000,0.0567596383486891,100000,1,False,50
24.6815286624204,2014.0,10552106640.0,10559102156.0,46.0,46.0,1.0,1.0,0.0,1.0,63.0,10557105526.0,2014.0,46.0,1.0,1.0,200,5,200000,0.0567596383486891,100000,1,False,50
44.9474847982311,2014.0,10552106640.0,10559102156.0,46.0,46.0,1.0,1.0,0.0,1.0,285.0,10558103316.0,2014.0,46.0,1.0,1.0,200,5,200000,0.0567596383486891,100000,1,False,50
2085.2534562212,2014.0,10552106640.0,10559102156.0,46.0,46.0,1.0,1.0,0.0,1.0,163.0,10552108069.0,2014.0,46.0,1.0,1.0,200,5,200000,0.0567596383486891,100000,1,False,50
389.473684210526,2014.0,10552106640.0,10559102156.0,46.0,46.0,1.0,1.0,0.0,1.0,86.0,10558106828.0,2014.0,46.0,1.0,1.0,200,5,200000,0.0567596383486891,100000,1,False,50
22.7008149010477,2014.0,10552106640.0,10559102156.0,46.0,46.0,1.0,1.0,0.0,1.0,332.0,10557102639.0,2014.0,46.0,1.0,1.0,200,5,200000,0.0567596383486891,100000,1,False,50
200.542005420054,2014.0,10552106640.0,10559102156.0,46.0,46.0,1.0,1.0,0.0,1.0,247.0,10554101470.0,2014.0,46.0,1.0,1.0,200,5,200000,0.0567596383486891,100000,1,False,50
129.930394431555,2014.0,10552106640.0,10559102156.0,46.0,46.0,1.0,1.0,0.0,1.0,68.0,10558103629.0,2014.0,46.0,1.0,1.0,200,5,200000,0.0567596383486891,100000,1,False,50
311.827956989247,2014.0,10552106640.0,10559102156.0,46.0,46.0,1.0,1.0,0.0,1.0,219.0,10558105373.0,2014.0,46.0,1.0,1.0,200,5,200000,0.0567596383486891,100000,1,False,50
51.3231756214916,2014.0,10552106640.0,10559102156.0,46.0,46.0,1.0,1.0,0.0,1.0,126.0,10555104678.0,2014.0,46.0,1.0,1.0,200,5,200000,0.0567596383486891,100000,1,False,50
140.221465076661,2014.0,10552106640.0,10559102156.0,46.0,46.0,1.0,1.0,0.0,1.0,253.0,10556109233.0,2014.0,46.0,1.0,1.0,200,5,200000,0.0567596383486891,100000,1,False,50
24.7718383311604,2014.0,10552106640.0,10559102156.0,46.0,46.0,1.0,1.0,0.0,1.0,365.0,10558100437.0,2014.0,46.0,1.0,1.0,200,5,200000,0.0567596383486891,100000,1,False,50
61.1702127659575,2014.0,10552106640.0,10559102156.0,46.0,46.0,1.0,1.0,0.0,1.0,119.0,10554100020.0,2014.0,46.0,1.0,1.0,200,5,200000,0.0567596383486891,100000,1,False,50
141.296296296296,2014.0,10552106640.0,10559102156.0,46.0,46.0,1.0,1.0,0.0,1.0,280.0,10552108666.0,2014.0,46.0,1.0,1.0,200,5,200000,0.0567596383486891,100000,1,False,50
9444.16666666667,2014.0,10552106640.0,10559102156.0,46.0,46.0,1.0,1.0,0.0,1.0,279.0,10555105138.0,2014.0,46.0,1.0,1.0,200,5,200000,0.0567596383486891,100000,1,False,50
675.555555555556,2014.0,10552106640.0,10559102156.0,46.0,46.0,1.0,1.0,0.0,1.0,351.0,10553109136.0,2014.0,46.0,1.0,1.0,200,5,200000,0.0567596383486891,100000,1,False,50
45.2549651100376,2014.0,10552106640.0,10559102156.0,46.0,46.0,1.0,1.0,0.0,1.0,232.0,10557108815.0,2014.0,46.0,1.0,1.0,200,5,200000,0.0567596383486891,100000,1,False,50
138.815461346633,2014.0,10552106640.0,10559102156.0,46.0,46.0,1.0,1.0,0.0,1.0,326.0,10557107276.0,2014.0,46.0,1.0,1.0,200,5,200000,0.0567596383486891,100000,1,False,50
43.5297619047619,2014.0,10552106640.0,10559102156.0,46.0,46.0,1.0,1.0,0.0,1.0,249.0,10553108140.0,2014.0,46.0,1.0,1.0,200,5,200000,0.0567596383486891,100000,1,False,50
70.6102117061021,2014.0,10552106640.0,10559102156.0,46.0,46.0,1.0,1.0,0.0,1.0,172.0,10558107215.0,2014.0,46.0,1.0,1.0,200,5,200000,0.0567596383486891,100000,1,False,50
116.483300589391,2014.0,10552106640.0,10559102156.0,46.0,46.0,1.0,1.0,0.0,1.0,268.0,10554106848.0,2014.0,46.0,1.0,1.0,200,5,200000,0.0567596383486891,100000,1,False,50
301.166489925769,2014.0,10552106640.0,10559102156.0,46.0,46.0,1.0,1.0,0.0,1.0,162.0,10557105965.0,2014.0,46.0,1.0,1.0,200,5,200000,0.0567596383486891,100000,1,False,50
34.5165094339623,2014.0,10552106640.0,10559102156.0,46.0,46.0,1.0,1.0,0.0,1.0,170.0,10553106780.0,2014.0,46.0,1.0,1.0,200,5,200000,0.0567596383486891,100000,1,False,50
119.918699186992,2014.0,10552106640.0,10559102156.0,46.0,46.0,1.0,1.0,0.0,1.0,4.0,10554103167.0,2014.0,46.0,1.0,1.0,200,5,200000,0.0567596383486891,100000,1,False,50
195.927710843374,2014.0,10552106640.0,10559102156.0,46.0,46.0,1.0,1.0,0.0,1.0,240.0,10553103546.0,2014.0,46.0,1.0,1.0,200,5,200000,0.0567596383486891,100000,1,False,50
50.2983802216539,2014.0,10552106640.0,10559102156.0,46.0,46.0,1.0,1.0,0.0,1.0,151.0,10553104217.0,2014.0,46.0,1.0,1.0,200,5,200000,0.0567596383486891,100000,1,False,50
183.072916666667,2014.0,10552106640.0,10559102156.0,46.0,46.0,1.0,1.0,0.0,1.0,312.0,10556104967.0,2014.0,46.0,1.0,1.0,200,5,200000,0.0567596383486891,100000,1,False,50
42.7631578947368,2014.0,10552106640.0,10559102156.0,46.0,46.0,1.0,1.0,0.0,1.0,111.0,10557101656.0,2014.0,46.0,1.0,1.0,200,5,200000,0.0567596383486891,100000,1,False,50
42.9621254946297,2014.0,10552106640.0,10559102156.0,46.0,46.0,1.0,1.0,0.0,1.0,322.0,10557101764.0,2014.0,46.0,1.0,1.0,200,5,200000,0.0567596383486891,100000,1,False,50
125.600549073439,2014.0,10552106640.0,10559102156.0,46.0,46.0,1.0,1.0,0.0,1.0,272.0,10558100980.0,2014.0,46.0,1.0,1.0,200,5,200000,0.0567596383486891,100000,1,False,50
57.4198359433259,2014.0,10552106640.0,10559102156.0,46.0,46.0,1.0,1.0,0.0,1.0,187.0,10557106723.0,2014.0,46.0,1.0,1.0,200,5,200000,0.0567596383486891,100000,1,False,50
60.5809128630705,2014.0,10552106640.0,10559102156.0,46.0,46.0,1.0,1.0,0.0,1.0,62.0,10558108934.0,2014.0,46.0,1.0,1.0,200,5,200000,0.0567596383486891,100000,1,False,50
19.873532068654,2014.0,10552106640.0,10559102156.0,46.0,46.0,1.0,1.0,0.0,1.0,115.0,10553105142.0,2014.0,46.0,1.0,1.0,200,5,200000,0.0567596383486891,100000,1,False,50
103.092783505155,2014.0,10552106640.0,10559102156.0,46.0,46.0,1.0,1.0,0.0,1.0,206.0,10556108140.0,2014.0,46.0,1.0,1.0,200,5,200000,0.0567596383486891,100000,1,False,50
46.2677824267782,2014.0,10552106640.0,10559102156.0,46.0,46.0,1.0,1.0,0.0,1.0,179.0,10557109015.0,2014.0,46.0,1.0,1.0,200,5,200000,0.0567596383486891,100000,1,False,50
344.566037735849,2014.0,10552106640.0,10559102156.0,46.0,46.0,1.0,1.0,0.0,1.0,255.0,10556106943.0,2014.0,46.0,1.0,1.0,200,5,200000,0.0567596383486891,100000,1,False,50
39.7849462365591,2014.0,10551100613.0,10551106160.0,46.0,46.0,1.0,1.0,2.0,2.0,136.0,10551102019.0,2014.0,46.0,1.0,2.0,200,5,200000,0.0567596383486891,100000,1,False,50
454.146341463415,2014.0,10551100613.0,10551106160.0,46.0,46.0,1.0,1.0,2.0,2.0,290.0,10551101920.0,2014.0,46.0,1.0,2.0,200,5,200000,0.0567596383486891,100000,1,False,50
497.333333333333,2014.0,10551100613.0,10551106160.0,46.0,46.0,1.0,1.0,2.0,2.0,222.0,10551103175.0,2014.0,46.0,1.0,2.0,200,5,200000,0.0567596383486891,100000,1,False,50
35.0601779173208,2014.0,10551100613.0,10551106160.0,46.0,46.0,1.0,1.0,2.0,2.0,78.0,10551100724.0,2014.0,46.0,1.0,2.0,200,5,200000,0.0567596383486891,100000,1,False,50
30.7429547395389,2014.0,10551100613.0,10551106160.0,46.0,46.0,1.0,1.0,2.0,2.0,137.0,10551100613.0,2014.0,46.0,1.0,2.0,200,5,200000,0.0567596383486891,100000,1,False,50
238.274647887324,2014.0,10551100613.0,10551106160.0,46.0,46.0,1.0,1.0,2.0,2.0,324.0,10551103771.0,2014.0,46.0,1.0,2.0,200,5,200000,0.0567596383486891,100000,1,False,50
103.387423935091,2014.0,10551100613.0,10551106160.0,46.0,46.0,1.0,1.0,2.0,2.0,259.0,10551104660.0,2014.0,46.0,1.0,2.0,200,5,200000,0.0567596383486891,100000,1,False,50
92.8346456692913,2014.0,10551100613.0,10551106160.0,46.0,46.0,1.0,1.0,2.0,2.0,287.0,10551105720.0,2014.0,46.0,1.0,2.0,200,5,200000,0.0567596383486891,100000,1,False,50
359.375,2014.0,10551100613.0,10551106160.0,46.0,46.0,1.0,1.0,2.0,2.0,209.0,10551105770.0,2014.0,46.0,1.0,2.0,200,5,200000,0.0567596383486891,100000,1,False,50
204.79302832244,2014.0,10551100613.0,10551106160.0,46.0,46.0,1.0,1.0,2.0,2.0,325.0,10551105870.0,2014.0,46.0,1.0,2.0,200,5,200000,0.0567596383486891,100000,1,False,50
70.1723147616312,2014.0,10551100613.0,10551106160.0,46.0,46.0,1.0,1.0,2.0,2.0,286.0,10551105930.0,2014.0,46.0,1.0,2.0,200,5,200000,0.0567596383486891,100000,1,False,50
175.79408543264,2014.0,10551100613.0,10551106160.0,46.0,46.0,1.0,1.0,2.0,2.0,128.0,10551106045.0,2014.0,46.0,1.0,2.0,200,5,200000,0.0567596383486891,100000,1,False,50
26.1267145656434,2014.0,10551100613.0,10551106160.0,46.0,46.0,1.0,1.0,2.0,2.0,132.0,10551106160.0,2014.0,46.0,1.0,2.0,200,5,200000,0.0567596383486891,100000,1,False,50
66.6171428571429,2014.0,10557105135.0,10557111076.0,46.0,46.0,1.0,1.0,2.0,2.0,260.0,10557105135.0,2014.0,46.0,1.0,2.0,200,5,200000,0.055007539371092026,100000,1,False,50
23.0891719745223,2014.0,10557105135.0,10557111076.0,46.0,46.0,1.0,1.0,2.0,2.0,63.0,10557105526.0,2014.0,46.0,1.0,2.0,200,5,200000,0.055007539371092026,100000,1,False,50
55.582154515778,2014.0,10557105135.0,10557111076.0,46.0,46.0,1.0,1.0,2.0,2.0,315.0,10557105861.0,2014.0,46.0,1.0,2.0,200,5,200000,0.055007539371092026,100000,1,False,50
43.4726368159204,2014.0,10557105135.0,10557111076.0,46.0,46.0,1.0,1.0,2.0,2.0,176.0,10557105961.0,2014.0,46.0,1.0,2.0,200,5,200000,0.055007539371092026,100000,1,False,50
109.312320916905,2014.0,10557105135.0,10557111076.0,46.0,46.0,1.0,1.0,2.0,2.0,262.0,10557106237.0,2014.0,46.0,1.0,2.0,200,5,200000,0.055007539371092026,100000,1,False,50
57.4198359433259,2014.0,10557105135.0,10557111076.0,46.0,46.0,1.0,1.0,2.0,2.0,187.0,10557106723.0,2014.0,46.0,1.0,2.0,200,5,200000,0.055007539371092026,100000,1,False,50
110.112219451372,2014.0,10557105135.0,10557111076.0,46.0,46.0,1.0,1.0,2.0,2.0,326.0,10557107276.0,2014.0,46.0,1.0,2.0,200,5,200000,0.055007539371092026,100000,1,False,50
37.037037037037,2014.0,10557105135.0,10557111076.0,46.0,46.0,1.0,1.0,2.0,2.0,52.0,10557107513.0,2014.0,46.0,1.0,2.0,200,5,200000,0.055007539371092026,100000,1,False,50
92.6157697121402,2014.0,10557105135.0,10557111076.0,46.0,46.0,1.0,1.0,2.0,2.0,72.0,10557107636.0,2014.0,46.0,1.0,2.0,200,5,200000,0.055007539371092026,100000,1,False,50
19.4915254237288,2014.0,10557105135.0,10557111076.0,46.0,46.0,1.0,1.0,2.0,2.0,26.0,10557110550.0,2014.0,46.0,1.0,2.0,200,5,200000,0.055007539371092026,100000,1,False,50
79.8429319371728,2014.0,10557105135.0,10557111076.0,46.0,46.0,1.0,1.0,2.0,2.0,38.0,10557110659.0,2014.0,46.0,1.0,2.0,200,5,200000,0.055007539371092026,100000,1,False,50
403.389830508475,2014.0,10557105135.0,10557111076.0,46.0,46.0,1.0,1.0,2.0,2.0,103.0,10557111013.0,2014.0,46.0,1.0,2.0,200,5,200000,0.055007539371092026,100000,1,False,50
27.1278195488722,2014.0,10557105135.0,10557111076.0,46.0,46.0,1.0,1.0,2.0,2.0,284.0,10557111076.0,2014.0,46.0,1.0,2.0,200,5,200000,0.055007539371092026,100000,1,False,50
3.95703787450537,2014.0,10557100939.0,10557103333.0,46.0,46.0,1.0,1.0,2.0,2.0,7.0,10557101666.0,2014.0,46.0,1.0,2.0,200,5,200000,0.05336311868892793,100000,1,False,50
334.0,2014.0,10557100939.0,10557103333.0,46.0,46.0,1.0,1.0,2.0,2.0,307.0,10557103333.0,2014.0,46.0,1.0,2.0,200,5,200000,0.05336311868892793,100000,1,False,50
31.459595959596,2014.0,10557100939.0,10557103333.0,46.0,46.0,1.0,1.0,2.0,2.0,261.0,10557100939.0,2014.0,46.0,1.0,2.0,200,5,200000,0.05336311868892793,100000,1,False,50
41.1184210526316,2014.0,10557100939.0,10557103333.0,46.0,46.0,1.0,1.0,2.0,2.0,111.0,10557101656.0,2014.0,46.0,1.0,2.0,200,5,200000,0.05336311868892793,100000,1,False,50
41.5763195435093,2014.0,10557100939.0,10557103333.0,46.0,46.0,1.0,1.0,2.0,2.0,167.0,10557101357.0,2014.0,46.0,1.0,2.0,200,5,200000,0.05336311868892793,100000,1,False,50
29.0574060949681,2014.0,10553100116.0,10553101631.0,46.0,46.0,1.0,1.0,2.0,2.0,79.0,10553101121.0,2014.0,46.0,1.0,2.0,200,5,200000,0.05180240519442386,100000,1,False,50
0.0,2014.0,10553100116.0,10553101631.0,46.0,46.0,1.0,1.0,2.0,2.0,223.0,10553100924.0,2014.0,46.0,1.0,2.0,200,5,200000,0.05180240519442386,100000,1,False,50
28.6144578313253,2014.0,10553100116.0,10553101631.0,46.0,46.0,1.0,1.0,2.0,2.0,113.0,10553101320.0,2014.0,46.0,1.0,2.0,200,5,200000,0.05180240519442386,100000,1,False,50
205.955334987593,2014.0,10553100116.0,10553101631.0,46.0,46.0,1.0,1.0,2.0,2.0,90.0,10553100116.0,2014.0,46.0,1.0,2.0,200,5,200000,0.05180240519442386,100000,1,False,50
40.8602150537634,2014.0,10553100116.0,10553101631.0,46.0,46.0,1.0,1.0,2.0,2.0,10.0,10553101631.0,2014.0,46.0,1.0,2.0,200,5,200000,0.05180240519442386,100000,1,False,50
62.1161191749427,2014.0,10553100116.0,10553101631.0,46.0,46.0,1.0,1.0,2.0,2.0,321.0,10553101264.0,2014.0,46.0,1.0,2.0,200,5,200000,0.05180240519442386,100000,1,False,50
399.521531100478,2014.0,10558105552.0,10558108934.0,46.0,46.0,1.0,1.0,2.0,2.0,358.0,10558105552.0,2014.0,46.0,1.0,2.0,200,5,200000,0.050327740135065586,100000,1,False,50
336.842105263158,2014.0,10558105552.0,10558108934.0,46.0,46.0,1.0,1.0,2.0,2.0,86.0,10558106828.0,2014.0,46.0,1.0,2.0,200,5,200000,0.050327740135065586,100000,1,False,50
58.9211618257261,2014.0,10558105552.0,10558108934.0,46.0,46.0,1.0,1.0,2.0,2.0,62.0,10558108934.0,2014.0,46.0,1.0,2.0,200,5,200000,0.050327740135065586,100000,1,False,50
74.346201743462,2014.0,10558105552.0,10558108934.0,46.0,46.0,1.0,1.0,2.0,2.0,172.0,10558107215.0,2014.0,46.0,1.0,2.0,200,5,200000,0.050327740135065586,100000,1,False,50
70.910780669145,2014.0,10558105552.0,10558108934.0,46.0,46.0,1.0,1.0,2.0,2.0,257.0,10558107435.0,2014.0,46.0,1.0,2.0,200,5,200000,0.050327740135065586,100000,1,False,50
0.0,2014.0,10558105552.0,10558108934.0,46.0,46.0,1.0,1.0,2.0,2.0,347.0,10558105915.0,2014.0,46.0,1.0,2.0,200,5,200000,0.050327740135065586,100000,1,False,50
838.461538461538,2014.0,10559101051.0,10559110871.0,46.0,46.0,1.0,1.0,2.0,2.0,166.0,10559108226.0,2014.0,46.0,1.0,2.0,200,5,200000,0.048941475099984526,100000,1,False,50
230.263157894737,2014.0,10559101051.0,10559110871.0,46.0,46.0,1.0,1.0,2.0,2.0,360.0,10559107719.0,2014.0,46.0,1.0,2.0,200,5,200000,0.048941475099984526,100000,1,False,50
7.30747611017426,2014.0,10559101051.0,10559110871.0,46.0,46.0,1.0,1.0,2.0,2.0,107.0,10559110052.0,2014.0,46.0,1.0,2.0,200,5,200000,0.048941475099984526,100000,1,False,50
76.717811874583,2014.0,10559101051.0,10559110871.0,46.0,46.0,1.0,1.0,2.0,2.0,91.0,10559106067.0,2014.0,46.0,1.0,2.0,200,5,200000,0.048941475099984526,100000,1,False,50
13.9240506329114,2014.0,10559101051.0,10559110871.0,46.0,46.0,1.0,1.0,2.0,2.0,80.0,10559110551.0,2014.0,46.0,1.0,2.0,200,5,200000,0.048941475099984526,100000,1,False,50
98.6460348162476,2014.0,10559101051.0,10559110871.0,46.0,46.0,1.0,1.0,2.0,2.0,37.0,10559110871.0,2014.0,46.0,1.0,2.0,200,5,200000,0.048941475099984526,100000,1,False,50
142.18009478673,2014.0,10559101051.0,10559110871.0,46.0,46.0,1.0,1.0,2.0,2.0,46.0,10559104842.0,2014.0,46.0,1.0,2.0,200,5,200000,0.048941475099984526,100000,1,False,50
25.3431890179514,2014.0,10559101051.0,10559110871.0,46.0,46.0,1.0,1.0,2.0,2.0,154.0,10559104823.0,2014.0,46.0,1.0,2.0,200,5,200000,0.048941475099984526,100000,1,False,50
43.558282208589,2014.0,10559101051.0,10559110871.0,46.0,46.0,1.0,1.0,2.0,2.0,343.0,10559104563.0,2014.0,46.0,1.0,2.0,200,5,200000,0.048941475099984526,100000,1,False,50
77.0901194353963,2014.0,10559101051.0,10559110871.0,46.0,46.0,1.0,1.0,2.0,2.0,74.0,10559103311.0,2014.0,46.0,1.0,2.0,200,5,200000,0.048941475099984526,100000,1,False,50
35.6919223544145,2014.0,10559101051.0,10559110871.0,46.0,46.0,1.0,1.0,2.0,2.0,29.0,10559101668.0,2014.0,46.0,1.0,2.0,200,5,200000,0.048941475099984526,100000,1,False,50
437.224669603524,2014.0,10559101051.0,10559110871.0,46.0,46.0,1.0,1.0,2.0,2.0,200.0,10559101141.0,2014.0,46.0,1.0,2.0,200,5,200000,0.048941475099984526,100000,1,False,50
10.3270223752151,2014.0,10559101051.0,10559110871.0,46.0,46.0,1.0,1.0,2.0,2.0,36.0,10559101051.0,2014.0,46.0,1.0,2.0,200,5,200000,0.048941475099984526,100000,1,False,50
600.0,2014.0,10553109136.0,10553110632.0,46.0,46.0,1.0,1.0,2.0,2.0,328.0,10553110632.0,2014.0,46.0,1.0,2.0,200,5,200000,0.047651864955150496,100000,1,False,50
653.333333333333,2014.0,10553109136.0,10553110632.0,46.0,46.0,1.0,1.0,2.0,2.0,351.0,10553109136.0,2014.0,46.0,1.0,2.0,200,5,200000,0.047651864955150496,100000,1,False,50
15027.027027027,2014.0,10553109136.0,10553110632.0,46.0,46.0,1.0,1.0,2.0,2.0,370.0,10553109870.0,2014.0,46.0,1.0,2.0,200,5,200000,0.047651864955150496,100000,1,False,50
164.333087693441,2014.0,10553109136.0,10553110632.0,46.0,46.0,1.0,1.0,2.0,2.0,164.0,10553110455.0,2014.0,46.0,1.0,2.0,200,5,200000,0.047651864955150496,100000,1,False,50
84.161554192229,2014.0,10553109136.0,10553110632.0,46.0,46.0,1.0,1.0,2.0,2.0,318.0,10553109658.0,2014.0,46.0,1.0,2.0,200,5,200000,0.047651864955150496,100000,1,False,50
505.61797752809,2014.0,10553109136.0,10553110632.0,46.0,46.0,1.0,1.0,2.0,2.0,314.0,10553109212.0,2014.0,46.0,1.0,2.0,200,5,200000,0.047651864955150496,100000,1,False,50
79.245630174793,2014.0,10553109136.0,10553110632.0,46.0,46.0,1.0,1.0,2.0,2.0,244.0,10553110023.0,2014.0,46.0,1.0,2.0,200,5,200000,0.047651864955150496,100000,1,False,50
95.6471935853379,2014.0,10556106020.0,10556108773.0,46.0,46.0,1.0,1.0,2.0,2.0,206.0,10556108140.0,2014.0,46.0,1.0,2.0,200,5,200000,0.04640278314614939,100000,1,False,50
23.1182795698925,2014.0,10556106020.0,10556108773.0,46.0,46.0,1.0,1.0,2.0,2.0,77.0,10556106020.0,2014.0,46.0,1.0,2.0,200,5,200000,0.04640278314614939,100000,1,False,50
87.5,2014.0,10556106020.0,10556108773.0,46.0,46.0,1.0,1.0,2.0,2.0,41.0,10556108773.0,2014.0,46.0,1.0,2.0,200,5,200000,0.04640278314614939,100000,1,False,50
144.657039711191,2014.0,10556106020.0,10556108773.0,46.0,46.0,1.0,1.0,2.0,2.0,266.0,10556108119.0,2014.0,46.0,1.0,2.0,200,5,200000,0.04640278314614939,100000,1,False,50
71.2386156648452,2014.0,10556106020.0,10556108773.0,46.0,46.0,1.0,1.0,2.0,2.0,281.0,10556107957.0,2014.0,46.0,1.0,2.0,200,5,200000,0.04640278314614939,100000,1,False,50
33.5990888382688,2014.0,10556101011.0,10556104064.0,46.0,46.0,1.0,1.0,2.0,2.0,16.0,10556103260.0,2014.0,46.0,1.0,2.0,200,5,200000,0.045221780408387965,100000,1,False,50
23.6071765816808,2014.0,10556101011.0,10556104064.0,46.0,46.0,1.0,1.0,2.0,2.0,32.0,10556103267.0,2014.0,46.0,1.0,2.0,200,5,200000,0.045221780408387965,100000,1,False,50
58.747591522158,2014.0,10556101011.0,10556104064.0,46.0,46.0,1.0,1.0,2.0,2.0,184.0,10556103723.0,2014.0,46.0,1.0,2.0,200,5,200000,0.045221780408387965,100000,1,False,50
14.6168582375479,2014.0,10556101011.0,10556104064.0,46.0,46.0,1.0,1.0,2.0,2.0,159.0,10556103220.0,2014.0,46.0,1.0,2.0,200,5,200000,0.045221780408387965,100000,1,False,50
103.356890459364,2014.0,10556101011.0,10556104064.0,46.0,46.0,1.0,1.0,2.0,2.0,217.0,10556101011.0,2014.0,46.0,1.0,2.0,200,5,200000,0.045221780408387965,100000,1,False,50
195.740365111562,2014.0,10556101011.0,10556104064.0,46.0,46.0,1.0,1.0,2.0,2.0,346.0,10556104064.0,2014.0,46.0,1.0,2.0,200,5,200000,0.045221780408387965,100000,1,False,50
241.607717041801,2014.0,10552106640.0,10552108666.0,46.0,46.0,1.0,1.0,2.0,2.0,327.0,10552107719.0,2014.0,46.0,1.0,2.0,200,5,200000,0.04410076408532097,100000,1,False,50
52.0618556701031,2014.0,10552106640.0,10552108666.0,46.0,46.0,1.0,1.0,2.0,2.0,333.0,10552106640.0,2014.0,46.0,1.0,2.0,200,5,200000,0.04410076408532097,100000,1,False,50
75.124826629681,2014.0,10552106640.0,10552108666.0,46.0,46.0,1.0,1.0,2.0,2.0,275.0,10552108159.0,2014.0,46.0,1.0,2.0,200,5,200000,0.04410076408532097,100000,1,False,50
152.425925925926,2014.0,10552106640.0,10552108666.0,46.0,46.0,1.0,1.0,2.0,2.0,280.0,10552108666.0,2014.0,46.0,1.0,2.0,200,5,200000,0.04410076408532097,100000,1,False,50
4.64131994261119,2014.0,10552106640.0,10552108666.0,46.0,46.0,1.0,1.0,2.0,2.0,134.0,10552107363.0,2014.0,46.0,1.0,2.0,200,5,200000,0.04410076408532097,100000,1,False,50
84.3547224224946,2014.0,10551107574.0,10552101118.0,46.0,46.0,1.0,1.0,2.0,2.0,342.0,10551107574.0,2014.0,46.0,1.0,2.0,200,5,200000,0.04303130446969748,100000,1,False,50
81.6505706760316,2014.0,10551107574.0,10552101118.0,46.0,46.0,1.0,1.0,2.0,2.0,59.0,10551108264.0,2014.0,46.0,1.0,2.0,200,5,200000,0.04303130446969748,100000,1,False,50
319.354838709677,2014.0,10551107574.0,10552101118.0,46.0,46.0,1.0,1.0,2.0,2.0,203.0,10551110946.0,2014.0,46.0,1.0,2.0,200,5,200000,0.04303130446969748,100000,1,False,50
43.9093484419263,2014.0,10551107574.0,10552101118.0,46.0,46.0,1.0,1.0,2.0,2.0,123.0,10551110265.0,2014.0,46.0,1.0,2.0,200,5,200000,0.04303130446969748,100000,1,False,50
412.48097412481,2014.0,10551107574.0,10552101118.0,46.0,46.0,1.0,1.0,2.0,2.0,355.0,10552101118.0,2014.0,46.0,1.0,2.0,200,5,200000,0.04303130446969748,100000,1,False,50
127.610208816705,2014.0,10558100437.0,10558104266.0,46.0,46.0,1.0,1.0,2.0,2.0,68.0,10558103629.0,2014.0,46.0,1.0,2.0,200,5,200000,0.04495987086118301,100000,1,False,50
92.2730682670668,2014.0,10558100437.0,10558104266.0,46.0,46.0,1.0,1.0,2.0,2.0,352.0,10558104266.0,2014.0,46.0,1.0,2.0,200,5,200000,0.04495987086118301,100000,1,False,50
40.6917599186165,2014.0,10558100437.0,10558104266.0,46.0,46.0,1.0,1.0,2.0,2.0,348.0,10558101718.0,2014.0,46.0,1.0,2.0,200,5,200000,0.04495987086118301,100000,1,False,50
98.5981308411215,2014.0,10558100437.0,10558104266.0,46.0,46.0,1.0,1.0,2.0,2.0,236.0,10558101067.0,2014.0,46.0,1.0,2.0,200,5,200000,0.04495987086118301,100000,1,False,50
24.7718383311604,2014.0,10558100437.0,10558104266.0,46.0,46.0,1.0,1.0,2.0,2.0,365.0,10558100437.0,2014.0,46.0,1.0,2.0,200,5,200000,0.04495987086118301,100000,1,False,50
46.0530679933665,2014.0,10558100437.0,10558104266.0,46.0,46.0,1.0,1.0,2.0,2.0,285.0,10558103316.0,2014.0,46.0,1.0,2.0,200,5,200000,0.04495987086118301,100000,1,False,50
89.7097625329815,2014.0,10558100437.0,10558104266.0,46.0,46.0,1.0,1.0,2.0,2.0,87.0,10558102330.0,2014.0,46.0,1.0,2.0,200,5,200000,0.04495987086118301,100000,1,False,50
134.419551934827,2014.0,10555100143.0,10555110971.0,46.0,46.0,1.0,1.0,2.0,2.0,214.0,10555107223.0,2014.0,46.0,1.0,2.0,200,5,200000,0.043925408772071926,100000,1,False,50
96.7605633802817,2014.0,10555100143.0,10555110971.0,46.0,46.0,1.0,1.0,2.0,2.0,264.0,10555107450.0,2014.0,46.0,1.0,2.0,200,5,200000,0.043925408772071926,100000,1,False,50
32.703488372093,2014.0,10555100143.0,10555110971.0,46.0,46.0,1.0,1.0,2.0,2.0,82.0,10555106778.0,2014.0,46.0,1.0,2.0,200,5,200000,0.043925408772071926,100000,1,False,50
70.0815956482321,2014.0,10555100143.0,10555110971.0,46.0,46.0,1.0,1.0,2.0,2.0,300.0,10555105845.0,2014.0,46.0,1.0,2.0,200,5,200000,0.043925408772071926,100000,1,False,50
67.4342105263158,2014.0,10555100143.0,10555110971.0,46.0,46.0,1.0,1.0,2.0,2.0,31.0,10555104561.0,2014.0,46.0,1.0,2.0,200,5,200000,0.043925408772071926,100000,1,False,50
4.06091370558376,2014.0,10555100143.0,10555110971.0,46.0,46.0,1.0,1.0,2.0,2.0,93.0,10555110971.0,2014.0,46.0,1.0,2.0,200,5,200000,0.043925408772071926,100000,1,False,50
151.610865445357,2014.0,10555100143.0,10555110971.0,46.0,46.0,1.0,1.0,2.0,2.0,201.0,10555103270.0,2014.0,46.0,1.0,2.0,200,5,200000,0.043925408772071926,100000,1,False,50
82.9979879275654,2014.0,10555100143.0,10555110971.0,46.0,46.0,1.0,1.0,2.0,2.0,349.0,10555101161.0,2014.0,46.0,1.0,2.0,200,5,200000,0.043925408772071926,100000,1,False,50
32.774945375091,2014.0,10555100143.0,10555110971.0,46.0,46.0,1.0,1.0,2.0,2.0,39.0,10555100331.0,2014.0,46.0,1.0,2.0,200,5,200000,0.043925408772071926,100000,1,False,50
74.290637564618,2014.0,10555100143.0,10555110971.0,46.0,46.0,1.0,1.0,2.0,2.0,289.0,10555100228.0,2014.0,46.0,1.0,2.0,200,5,200000,0.043925408772071926,100000,1,False,50
53.9355271994627,2014.0,10555100143.0,10555110971.0,46.0,46.0,1.0,1.0,2.0,2.0,296.0,10555100143.0,2014.0,46.0,1.0,2.0,200,5,200000,0.043925408772071926,100000,1,False,50
718.336483931947,2014.0,10554101248.0,10554110074.0,46.0,46.0,1.0,1.0,2.0,2.0,218.0,10554108011.0,2014.0,46.0,1.0,2.0,200,5,200000,0.04295782528812256,100000,1,False,50
75.2688172043011,2014.0,10554101248.0,10554110074.0,46.0,46.0,1.0,1.0,2.0,2.0,197.0,10554110074.0,2014.0,46.0,1.0,2.0,200,5,200000,0.04295782528812256,100000,1,False,50
93.877245508982,2014.0,10554101248.0,10554110074.0,46.0,46.0,1.0,1.0,2.0,2.0,177.0,10554102231.0,2014.0,46.0,1.0,2.0,200,5,200000,0.04295782528812256,100000,1,False,50
95.6399437412096,2014.0,10554101248.0,10554110074.0,46.0,46.0,1.0,1.0,2.0,2.0,35.0,10554101846.0,2014.0,46.0,1.0,2.0,200,5,200000,0.04295782528812256,100000,1,False,50
77.1319018404908,2014.0,10554101248.0,10554110074.0,46.0,46.0,1.0,1.0,2.0,2.0,252.0,10554101248.0,2014.0,46.0,1.0,2.0,200,5,200000,0.04295782528812256,100000,1,False,50
103.80829015544,2014.0,10554101248.0,10554110074.0,46.0,46.0,1.0,1.0,2.0,2.0,263.0,10554104446.0,2014.0,46.0,1.0,2.0,200,5,200000,0.04295782528812256,100000,1,False,50
38.0952380952381,2014.0,10554101248.0,10554110074.0,46.0,46.0,1.0,1.0,2.0,2.0,340.0,10554106313.0,2014.0,46.0,1.0,2.0,200,5,200000,0.04295782528812256,100000,1,False,50
28.312570781427,2014.0,10554101248.0,10554110074.0,46.0,46.0,1.0,1.0,2.0,2.0,267.0,10554108914.0,2014.0,46.0,1.0,2.0,200,5,200000,0.04295782528812256,100000,1,False,50
405.684754521964,2014.0,10551102629.0,10552108159.0,46.0,46.0,1.0,1.0,3.0,3.0,210.0,10552101069.0,2014.0,46.0,1.0,3.0,200,5,200000,0.04202769165333146,100000,1,False,50
80.6726768377254,2014.0,10551102629.0,10552108159.0,46.0,46.0,1.0,1.0,3.0,3.0,275.0,10552108159.0,2014.0,46.0,1.0,3.0,200,5,200000,0.04202769165333146,100000,1,False,50
3.18877551020408,2014.0,10551102629.0,10552108159.0,46.0,46.0,1.0,1.0,3.0,3.0,117.0,10552104257.0,2014.0,46.0,1.0,3.0,200,5,200000,0.04202769165333146,100000,1,False,50
90.3614457831325,2014.0,10551102629.0,10552108159.0,46.0,46.0,1.0,1.0,3.0,3.0,105.0,10552108031.0,2014.0,46.0,1.0,3.0,200,5,200000,0.04202769165333146,100000,1,False,50
105.555555555556,2014.0,10551102629.0,10552108159.0,46.0,46.0,1.0,1.0,3.0,3.0,242.0,10551106862.0,2014.0,46.0,1.0,3.0,200,5,200000,0.04202769165333146,100000,1,False,50
59.2233009708738,2014.0,10551102629.0,10552108159.0,46.0,46.0,1.0,1.0,3.0,3.0,76.0,10551107774.0,2014.0,46.0,1.0,3.0,200,5,200000,0.04202769165333146,100000,1,False,50
517.006802721088,2014.0,10551102629.0,10552108159.0,46.0,46.0,1.0,1.0,3.0,3.0,207.0,10551102629.0,2014.0,46.0,1.0,3.0,200,5,200000,0.04202769165333146,100000,1,False,50
256.09756097561,2014.0,10551102629.0,10552108159.0,46.0,46.0,1.0,1.0,3.0,3.0,101.0,10551107820.0,2014.0,46.0,1.0,3.0,200,5,200000,0.04202769165333146,100000,1,False,50
116.744496330887,2014.0,10559100036.0,10559110871.0,46.0,46.0,1.0,1.0,3.0,3.0,91.0,10559106067.0,2014.0,46.0,1.0,3.0,200,5,200000,0.04384290248007841,100000,1,False,50
1063.12292358804,2014.0,10559100036.0,10559110871.0,46.0,46.0,1.0,1.0,3.0,3.0,216.0,10559106038.0,2014.0,46.0,1.0,3.0,200,5,200000,0.04384290248007841,100000,1,False,50
33.8409475465313,2014.0,10559100036.0,10559110871.0,46.0,46.0,1.0,1.0,3.0,3.0,45.0,10559104937.0,2014.0,46.0,1.0,3.0,200,5,200000,0.04384290248007841,100000,1,False,50
108.5,2014.0,10559100036.0,10559110871.0,46.0,46.0,1.0,1.0,3.0,3.0,211.0,10559107546.0,2014.0,46.0,1.0,3.0,200,5,200000,0.04384290248007841,100000,1,False,50
31.0432569974555,2014.0,10559100036.0,10559110871.0,46.0,46.0,1.0,1.0,3.0,3.0,56.0,10559103966.0,2014.0,46.0,1.0,3.0,200,5,200000,0.04384290248007841,100000,1,False,50
14.5395799676898,2014.0,10559100036.0,10559110871.0,46.0,46.0,1.0,1.0,3.0,3.0,112.0,10559102156.0,2014.0,46.0,1.0,3.0,200,5,200000,0.04384290248007841,100000,1,False,50
13.9240506329114,2014.0,10559100036.0,10559110871.0,46.0,46.0,1.0,1.0,3.0,3.0,80.0,10559110551.0,2014.0,46.0,1.0,3.0,200,5,200000,0.04384290248007841,100000,1,False,50
96.7117988394584,2014.0,10559100036.0,10559110871.0,46.0,46.0,1.0,1.0,3.0,3.0,37.0,10559110871.0,2014.0,46.0,1.0,3.0,200,5,200000,0.04384290248007841,100000,1,False,50
408.590308370044,2014.0,10559100036.0,10559110871.0,46.0,46.0,1.0,1.0,3.0,3.0,200.0,10559101141.0,2014.0,46.0,1.0,3.0,200,5,200000,0.04384290248007841,100000,1,False,50
41.6036308623298,2014.0,10559100036.0,10559110871.0,46.0,46.0,1.0,1.0,3.0,3.0,165.0,10559100761.0,2014.0,46.0,1.0,3.0,200,5,200000,0.04384290248007841,100000,1,False,50
34.3612334801762,2014.0,10559100036.0,10559110871.0,46.0,46.0,1.0,1.0,3.0,3.0,20.0,10559100036.0,2014.0,46.0,1.0,3.0,200,5,200000,0.04384290248007841,100000,1,False,50
118.852867830424,2014.0,10557107078.0,10558105552.0,46.0,46.0,1.0,1.0,3.0,3.0,326.0,10557107276.0,2014.0,46.0,1.0,3.0,200,5,200000,0.042938853689812616,100000,1,False,50
39.5648535564854,2014.0,10557107078.0,10558105552.0,46.0,46.0,1.0,1.0,3.0,3.0,179.0,10557109015.0,2014.0,46.0,1.0,3.0,200,5,200000,0.042938853689812616,100000,1,False,50
231.671554252199,2014.0,10557107078.0,10558105552.0,46.0,46.0,1.0,1.0,3.0,3.0,190.0,10557107078.0,2014.0,46.0,1.0,3.0,200,5,200000,0.042938853689812616,100000,1,False,50
78.0082987551867,2014.0,10557107078.0,10558105552.0,46.0,46.0,1.0,1.0,3.0,3.0,127.0,10557108047.0,2014.0,46.0,1.0,3.0,200,5,200000,0.042938853689812616,100000,1,False,50
287.878787878788,2014.0,10557107078.0,10558105552.0,46.0,46.0,1.0,1.0,3.0,3.0,358.0,10558105552.0,2014.0,46.0,1.0,3.0,200,5,200000,0.042938853689812616,100000,1,False,50
116.009280742459,2014.0,10557107078.0,10558105552.0,46.0,46.0,1.0,1.0,3.0,3.0,68.0,10558103629.0,2014.0,46.0,1.0,3.0,200,5,200000,0.042938853689812616,100000,1,False,50
83.2708177044261,2014.0,10557107078.0,10558105552.0,46.0,46.0,1.0,1.0,3.0,3.0,352.0,10558104266.0,2014.0,46.0,1.0,3.0,200,5,200000,0.042938853689812616,100000,1,False,50
84.0909090909091,2014.0,10555100624.0,10556108773.0,46.0,46.0,1.0,1.0,3.0,3.0,41.0,10556108773.0,2014.0,46.0,1.0,3.0,200,5,200000,0.044641097144680474,100000,1,False,50
18.0572851805729,2014.0,10555100624.0,10556108773.0,46.0,46.0,1.0,1.0,3.0,3.0,22.0,10556104713.0,2014.0,46.0,1.0,3.0,200,5,200000,0.044641097144680474,100000,1,False,50
32.4601366742597,2014.0,10555100624.0,10556108773.0,46.0,46.0,1.0,1.0,3.0,3.0,16.0,10556103260.0,2014.0,46.0,1.0,3.0,200,5,200000,0.044641097144680474,100000,1,False,50
33.4302325581395,2014.0,10555100624.0,10556108773.0,46.0,46.0,1.0,1.0,3.0,3.0,82.0,10555106778.0,2014.0,46.0,1.0,3.0,200,5,200000,0.044641097144680474,100000,1,False,50
58.6176142697882,2014.0,10555100624.0,10556108773.0,46.0,46.0,1.0,1.0,3.0,3.0,320.0,10555107717.0,2014.0,46.0,1.0,3.0,200,5,200000,0.044641097144680474,100000,1,False,50
44.9077786688051,2014.0,10555100624.0,10556108773.0,46.0,46.0,1.0,1.0,3.0,3.0,126.0,10555104678.0,2014.0,46.0,1.0,3.0,200,5,200000,0.044641097144680474,100000,1,False,50
457.178841309824,2014.0,10555100624.0,10556108773.0,46.0,46.0,1.0,1.0,3.0,3.0,341.0,10555100624.0,2014.0,46.0,1.0,3.0,200,5,200000,0.044641097144680474,100000,1,False,50
568.313021167415,2014.0,10553101866.0,10554105734.0,46.0,46.0,1.0,1.0,3.0,3.0,353.0,10554101471.0,2014.0,46.0,1.0,3.0,200,5,200000,0.046298510221190504,100000,1,False,50
25.1937984496124,2014.0,10553101866.0,10554105734.0,46.0,46.0,1.0,1.0,3.0,3.0,356.0,10554105734.0,2014.0,46.0,1.0,3.0,200,5,200000,0.046298510221190504,100000,1,False,50
83.1973898858075,2014.0,10553101866.0,10554105734.0,46.0,46.0,1.0,1.0,3.0,3.0,58.0,10554101829.0,2014.0,46.0,1.0,3.0,200,5,200000,0.046298510221190504,100000,1,False,50
36.875,2014.0,10553101866.0,10554105734.0,46.0,46.0,1.0,1.0,3.0,3.0,170.0,10553106780.0,2014.0,46.0,1.0,3.0,200,5,200000,0.046298510221190504,100000,1,False,50
7.25593667546174,2014.0,10553101866.0,10554105734.0,46.0,46.0,1.0,1.0,3.0,3.0,23.0,10553105653.0,2014.0,46.0,1.0,3.0,200,5,200000,0.046298510221190504,100000,1,False,50
44.125,2014.0,10553101866.0,10554105734.0,46.0,46.0,1.0,1.0,3.0,3.0,249.0,10553108140.0,2014.0,46.0,1.0,3.0,200,5,200000,0.046298510221190504,100000,1,False,50
36.8269230769231,2014.0,10553101866.0,10554105734.0,46.0,46.0,1.0,1.0,3.0,3.0,183.0,10553101866.0,2014.0,46.0,1.0,3.0,200,5,200000,0.046298510221190504,100000,1,False,50
